{
  "hash": "d49f9301",
  "configHash": "70b0a359",
  "lockfileHash": "b18037e2",
  "browserHash": "d998cc4b",
  "optimized": {
    "@angular/common": {
      "src": "../../../../../../node_modules/@angular/common/fesm2022/common.mjs",
      "file": "@angular_common.js",
      "fileHash": "98b3af3e",
      "needsInterop": false
    },
    "@angular/common/http": {
      "src": "../../../../../../node_modules/@angular/common/fesm2022/http.mjs",
      "file": "@angular_common_http.js",
      "fileHash": "ed81d70c",
      "needsInterop": false
    },
    "@angular/core": {
      "src": "../../../../../../node_modules/@angular/core/fesm2022/core.mjs",
      "file": "@angular_core.js",
      "fileHash": "392f6c97",
      "needsInterop": false
    },
    "@angular/platform-browser": {
      "src": "../../../../../../node_modules/@angular/platform-browser/fesm2022/platform-browser.mjs",
      "file": "@angular_platform-browser.js",
      "fileHash": "cc4619db",
      "needsInterop": false
    },
    "@angular/router": {
      "src": "../../../../../../node_modules/@angular/router/fesm2022/router.mjs",
      "file": "@angular_router.js",
      "fileHash": "26cc9349",
      "needsInterop": false
    }
  },
  "chunks": {
    "chunk-4CYJ6YN6": {
      "file": "chunk-4CYJ6YN6.js"
    },
    "chunk-TS3FCPXL": {
      "file": "chunk-TS3FCPXL.js"
    },
    "chunk-KD276FXN": {
      "file": "chunk-KD276FXN.js"
    },
    "chunk-GZKEX4RU": {
      "file": "chunk-GZKEX4RU.js"
    }
  }
}